Season,Dense_train,Dense_val,RNN_train,RNN_val,RandomForest_train,RandomForest_val,GBC_train,GBC_val,KNN_train,KNN_val,SGD_train,SGD_val,NGD_train,NGD_val
lec-2024,0.06041683256626129,0.20504939556121826,1.9146199226379395,2.2332682609558105,0.00017623892355208244,0.20950901383685602,2.1238350728026553e-16,0.24902162920893653,0.07017481362026119,0.20327587463556848,0.1516417279120182,0.33770651117589895,0.22307407603235868,0.2878036929057337
worlds-2024,0.07163137942552567,0.17158162593841553,0.2372826486825943,0.25272560119628906,0.00017377779875960426,0.18962930184512725,1.949971232917264e-16,0.2471747813303568,0.0730636369869275,0.1680599935316947,0.11198464210622543,0.21655886157826648,0.2313739829966176,0.20465717981888745
