Season,Dense_train,Dense_val,RNN_train,RNN_val,RandomForest_train,RandomForest_val,GBC_train,GBC_val,KNN_train,KNN_val,SGD_train,SGD_val,NGD_train,NGD_val
lec-2024,0.9203193570559932,0.7167638483965014,0.5188394669006746,0.3971226653205452,1.0,0.6703109815354713,1.0,0.7221574344023324,0.9292550097816317,0.6876093294460641,0.8483582720879818,0.6622934888241011,0.7769259239676413,0.7121963070942663
worlds-2024,0.9007221866715421,0.7554980595084088,0.6398710778272823,0.49261744966442955,1.0,0.747477360931436,1.0,0.7304010349288487,0.927324252673919,0.7490297542043984,0.8880153578937746,0.7834411384217335,0.7686260170033824,0.7953428201811126
