,Dense_train,Dense_val,RNN_train,RNN_val,RandomForest_train,RandomForest_val,GBC_train,GBC_val,KNN_train,KNN_val,SGD_train,SGD_val
0,92.42631470970389,82.46681415929204,46.825706284782534,74.77116704805492,1.0,0.735066371681416,1.0,0.834070796460177,0.9322642412637626,0.7488938053097345,0.8358066060315941,0.7179203539823009
1,88.49258005727675,84.17910447761194,38.394305280230675,34.14330218068536,1.0,0.7719402985074627,1.0,0.8232835820895522,0.9416818536839364,0.7570149253731343,0.883016575544563,0.7713432835820896
2,96.67041981663182,65.61338289962825,41.09176155391828,50.92007690195001,1.0,0.5831120552310144,1.0,0.533457249070632,0.9655782531767734,0.667020711630377,0.9285829178060158,0.6797663303239512
3,91.69698072026192,73.79290285049447,38.38956620357244,53.82985165001514,1.0,0.6797556719022687,1.0,0.6570680628272252,0.927155329210622,0.6797556719022687,0.8909603492178975,0.6625945317044794
4,91.8176775147929,79.66298663567693,62.92781133160771,47.03044920108532,1.0,0.7669959325973271,1.0,0.7699012202208019,0.9312130177514792,0.7539221382916909,0.8896079881656804,0.7748402091807088
5,0.0,0.0,0.0,0.0,0.0,0.0,0.0,0.0,0.0,0.0,0.0,0.0
