,Unnamed: 0,season,Dense_train,Dense_val,RNN_train,RNN_val,RandomForest_train,RandomForest_val,GBC_train,GBC_val,KNN_train,KNN_val,SGD_train,SGD_val
0,0,lec-2022,0.9305204130479382,0.8340707964601769,0.4676190138598419,0.7574370709382151,1.0,0.7223451327433629,1.0,0.8313053097345132,0.9322642412637626,0.7488938053097345,0.8356356424810231,0.7549778761061947
1,1,lec-2023,0.9140848737307992,0.8441791044776119,0.3874571994954046,0.34766355140186916,1.0,0.768955223880597,1.0,0.8119402985074626,0.9416818536839364,0.7570149253731343,0.8782435129740519,0.7856716417910448
2,2,lec-2024,0.9253956292388849,0.6807572936064556,0.4938647909339586,0.4072164948453608,1.0,0.6532588454376164,1.0,0.6976412166356301,0.9308967596081388,0.6660459342023588,0.881386586284853,0.5811918063314712
3,3,worlds-2022,0.959144281807946,0.6468401486988847,0.5890823844608172,0.4907992309804999,1.0,0.579660116834838,1.0,0.5300053106744557,0.9655782531767734,0.667020711630377,0.9287437670902364,0.6810939989378652
4,4,worlds-2023,0.9073299381593308,0.735892961023851,0.38380115301011253,0.5382985165001514,1.0,0.673065735892961,1.0,0.662303664921466,0.927155329210622,0.6797556719022687,0.8891415060021826,0.6672484002326934
5,5,worlds-2024,0.9097633136094675,0.7542126670540383,0.36420285686894843,0.518239372927344,1.0,0.7556653108657757,1.0,0.7486926205694364,0.9312130177514792,0.7539221382916909,0.8757396449704142,0.7876234747239976
