Leagues,lec,lcs,lck,worlds,msi
lec,1.0,0.7412875485244433,0.7483907522488812,0.7346863516046037,0.807241045943652
lcs,0.7420940947626748,1.0,0.7710024767543638,0.7738455823768992,0.7936694489169409
lck,0.7506948806694475,0.774138400589455,1.0,0.767836916168814,0.8498232496513193
worlds,0.7119647670465304,0.7435342168168934,0.7491869800169914,1.0,0.8066503267425101
msi,0.6510304304321192,0.6354677122631965,0.6711349703676447,0.6201889389849216,1.0
