Leagues,lcs,lec,worlds
lcs,1.0,0.7423200370338102,0.768519958368611
lec,0.7293479510064481,1.0,0.7311539238735296
worlds,0.7163226908396051,0.689005305454268,1.0
