Leagues,lec,lcs,lck,worlds,msi
lec,0.8973953519219782,0.7668517132018121,0.7926107607214683,0.7431374528815285,0.84253387244223
lcs,0.7465909347427173,0.906272549731333,0.805645947394647,0.7746472709281754,0.8281276950105653
lck,0.7548341414108425,0.7939961821186924,0.9341220785765074,0.7669794404693193,0.8904978993935221
worlds,0.724175327230819,0.7937668227052773,0.7890742111108494,0.903897676371915,0.8601184813687374
msi,0.7227360987778266,0.7396667562257693,0.7862530859472198,0.7087216913873738,0.951237099578646
