Leagues,lec,lcs,lck,worlds,msi
lec,1.0,0.725968638707457,0.7456036210488484,0.7339159103861902,0.7912189011736105
lcs,0.7377794352217523,1.0,0.777040864179944,0.7681761565484909,0.789080592658071
lck,0.7261413974123102,0.7465934257887268,1.0,0.7442992261156353,0.801365636304515
worlds,0.6912376590226327,0.7142679428083684,0.715485980402797,1.0,0.776906557680687
msi,0.6655318052168312,0.6461457944313099,0.6866546774782213,0.667059481402394,1.0
