Leagues,lec,lcs,lck,worlds,msi
lec,0.8377939536324194,0.7047054826520096,0.7322163091866911,0.7065084387840344,0.779769381670544
lcs,0.6955791420709504,0.8524981151527992,0.7715617717194809,0.7473470016506102,0.7950070413618152
lck,0.7222168258635318,0.7438917822671262,0.8633702711319419,0.7309626267587978,0.8486368380867487
worlds,0.6907922577024183,0.7366531594374859,0.7220471884556373,0.8705829974558879,0.7808628688568436
msi,0.7027288661568135,0.7489679692888608,0.76750315258512,0.7443701750298829,0.9752500189382253
