Leagues,lec,lcs,lck,worlds,msi
lec,0.926797624659916,0.7367247965076776,0.7613426863462468,0.7275438768221326,0.8297492842622806
lcs,0.7337954099309716,0.9309414660719297,0.7870289036770006,0.7555610085332237,0.8383993909764346
lck,0.7419335356511066,0.7755827243085784,0.9348480779386984,0.7671596002261571,0.8506090756682836
worlds,0.7231453104926217,0.7758651516763431,0.7835302040312119,0.9397072386473102,0.8224970708587187
msi,0.699382524290216,0.7261801283556925,0.7573656343897985,0.7082867817259793,0.9718290873527873
